metric,value
generated_star_counts/10,72.09302325581395
generated_star_counts/0,2.3255813953488373
generated_star_counts/8,4.651162790697675
generated_star_counts/9,6.046511627906977
generated_star_counts/7,6.046511627906977
generated_star_counts/6,4.651162790697675
generated_star_counts/4,0.46511627906976744
generated_star_counts/5,3.7209302325581395
accuracy,0.4418604651162791
mean_star_difference,2.7255813953488373
accuracy_fits,0.4418604651162791
accuracy_exceeds,0
