metric,value
generated_star_counts/10,79.58115183246073
generated_star_counts/5,3.1413612565445024
generated_star_counts/8,3.664921465968586
generated_star_counts/7,3.1413612565445024
generated_star_counts/9,4.712041884816754
generated_star_counts/6,4.18848167539267
generated_star_counts/0,1.0471204188481675
generated_star_counts/4,0.5235602094240838
accuracy,0.5340314136125655
mean_star_difference,2.1047120418848166
accuracy_fits,0.5340314136125655
accuracy_exceeds,0
