metric,value
generated_star_counts/10,75.0
generated_star_counts/9,7.758620689655173
generated_star_counts/4,1.7241379310344827
generated_star_counts/8,4.310344827586207
generated_star_counts/7,6.0344827586206895
generated_star_counts/6,3.4482758620689653
generated_star_counts/5,0.8620689655172413
generated_star_counts/3,0.8620689655172413
accuracy,0.5603448275862069
mean_star_difference,2.060344827586207
accuracy_fits,0.5603448275862069
accuracy_exceeds,0
