metric,value
generated_star_counts/10,58.04195804195804
generated_star_counts/7,7.6923076923076925
generated_star_counts/4,2.797202797202797
generated_star_counts/9,8.391608391608392
generated_star_counts/8,6.993006993006993
generated_star_counts/5,4.195804195804196
generated_star_counts/0,4.895104895104895
generated_star_counts/6,6.993006993006993
accuracy,0.4195804195804196
mean_star_difference,2.3426573426573425
accuracy_fits,0.4195804195804196
accuracy_exceeds,0
