metric,value
generated_star_counts/10,60.83916083916085
generated_star_counts/7,7.6923076923076925
generated_star_counts/5,4.895104895104895
generated_star_counts/8,11.188811188811188
generated_star_counts/9,6.293706293706294
generated_star_counts/6,4.195804195804196
generated_star_counts/4,1.3986013986013985
generated_star_counts/0,3.4965034965034967
accuracy,0.4125874125874126
mean_star_difference,2.5874125874125875
accuracy_fits,0.4125874125874126
accuracy_exceeds,0
